{"Player907": {"wins": 0, "losses": 0}, "Player938": {"wins": 0, "losses": 0}, "long": {"wins": 5, "losses": 4}, "gnol": {"wins": 4, "losses": 5}, "Player594": {"wins": 0, "losses": 0}, "Player583": {"wins": 0, "losses": 0}, "Player576": {"wins": 0, "losses": 0}, "Player962": {"wins": 0, "losses": 1}, "Player953": {"wins": 1, "losses": 0}, "Player364": {"wins": 0, "losses": 1}, "Player359": {"wins": 1, "losses": 0}, "Player197": {"wins": 1, "losses": 1}, "Player211": {"wins": 1, "losses": 1}, "t": {"wins": 0, "losses": 0}, "b": {"wins": 0, "losses": 0}, "Player627": {"wins": 0, "losses": 0}, "Player620": {"wins": 0, "losses": 0}}