{"Player907": {"password": "taolavip"}, "Player938": {"password": "a"}, "long": {"password": "1"}, "gnol": {"password": "1"}, "Player594": {"password": "taolavip"}, "Player583": {"password": "1"}, "Player576": {"password": "1"}, "Player962": {"password": "1"}, "Player953": {"password": "1"}, "Player364": {"password": "1"}, "Player359": {"password": "1"}, "Player197": {"password": "1"}, "Player211": {"password": "1"}, "t": {"password": "1"}, "b": {"password": "1"}, "Player627": {"password": "1"}, "Player620": {"password": "1"}}